League Name,Team Name,Country
SUPERLIGA ARGENTINA DE FÚTBOL,Aldosivi,Argentina
SUPERLIGA ARGENTINA DE FÚTBOL,Argentinos Jrs.,Argentina
SUPERLIGA ARGENTINA DE FÚTBOL,Arsenal,Argentina
SUPERLIGA ARGENTINA DE FÚTBOL,Atlético Tucumán,Argentina
SUPERLIGA ARGENTINA DE FÚTBOL,Banfield,Argentina
SUPERLIGA ARGENTINA DE FÚTBOL,Buenos Aires,Argentina
SUPERLIGA ARGENTINA DE FÚTBOL,Central Córdoba,Argentina
SUPERLIGA ARGENTINA DE FÚTBOL,Colón,Argentina
SUPERLIGA ARGENTINA DE FÚTBOL,Defensa y Justicia,Argentina
SUPERLIGA ARGENTINA DE FÚTBOL,Estudiantes,Argentina
SUPERLIGA ARGENTINA DE FÚTBOL,Gimnasia,Argentina
SUPERLIGA ARGENTINA DE FÚTBOL,Godoy Cruz,Argentina
SUPERLIGA ARGENTINA DE FÚTBOL,Huracán,Argentina
SUPERLIGA ARGENTINA DE FÚTBOL,Independiente,Argentina
SUPERLIGA ARGENTINA DE FÚTBOL,Lanús,Argentina
SUPERLIGA ARGENTINA DE FÚTBOL,Newell’s,Argentina
SUPERLIGA ARGENTINA DE FÚTBOL,Patronato,Argentina
SUPERLIGA ARGENTINA DE FÚTBOL,Racing Club,Argentina
SUPERLIGA ARGENTINA DE FÚTBOL,Núñez,Argentina
SUPERLIGA ARGENTINA DE FÚTBOL,Rosario Central,Argentina
SUPERLIGA ARGENTINA DE FÚTBOL,San Lorenzo,Argentina
SUPERLIGA ARGENTINA DE FÚTBOL,Talleres,Argentina
SUPERLIGA ARGENTINA DE FÚTBOL,Unión,Argentina
SUPERLIGA ARGENTINA DE FÚTBOL,Vélez Sarsfield,Argentina
HYUNDAI A-LEAGUE,Adelaide United,Australia
HYUNDAI A-LEAGUE,Brisbane Roar,Australia
HYUNDAI A-LEAGUE,Central Coast Mariners,Australia
HYUNDAI A-LEAGUE,Melbourne City,Australia
HYUNDAI A-LEAGUE,Melbourne Victory,Australia
HYUNDAI A-LEAGUE,Newcastle Jets,Australia
HYUNDAI A-LEAGUE,Perth Glory,Australia
HYUNDAI A-LEAGUE,Sydney FC,Australia
HYUNDAI A-LEAGUE,Wellington Phoenix,Australia
HYUNDAI A-LEAGUE,Western Sydney Wanderers,Australia
HYUNDAI A-LEAGUE,Western United,Australia
ÖSTERREICHISCHE FUSSBALL-BUNDESLIGA,FC Admira Wacker Mödling,Austria
ÖSTERREICHISCHE FUSSBALL-BUNDESLIGA,FC Red Bull Salzburg,Austria
ÖSTERREICHISCHE FUSSBALL-BUNDESLIGA,FK Austria Wien,Austria
ÖSTERREICHISCHE FUSSBALL-BUNDESLIGA,LASK,Austria
ÖSTERREICHISCHE FUSSBALL-BUNDESLIGA,SCR Altach,Austria
ÖSTERREICHISCHE FUSSBALL-BUNDESLIGA,SK Rapid Wien,Austria
ÖSTERREICHISCHE FUSSBALL-BUNDESLIGA,SK Sturm Graz,Austria
ÖSTERREICHISCHE FUSSBALL-BUNDESLIGA,SKN St. Pölten,Austria
ÖSTERREICHISCHE FUSSBALL-BUNDESLIGA,SV Mattersburg,Austria
ÖSTERREICHISCHE FUSSBALL-BUNDESLIGA,TSV Hartberg,Austria
ÖSTERREICHISCHE FUSSBALL-BUNDESLIGA,Wolfsberger AC,Austria
ÖSTERREICHISCHE FUSSBALL-BUNDESLIGA,WSG Wattens,Austria
LIGA DO BRASIL,Atl. Paranaense,Brazil
LIGA DO BRASIL,Avaí,Brazil
LIGA DO BRASIL,Bahia,Brazil
LIGA DO BRASIL,Botafogo,Brazil
LIGA DO BRASIL,Ceará SC,Brazil
LIGA DO BRASIL,Chapecoense,Brazil
LIGA DO BRASIL,Cruzeiro,Brazil
LIGA DO BRASIL,CSA,Brazil
LIGA DO BRASIL,Fluminense,Brazil
LIGA DO BRASIL,Fortaleza,Brazil
LIGA DO BRASIL,Góias,Brazil
LIGA DO BRASIL,Grêmio,Brazil
LIGA DO BRASIL,Internacional,Brazil
LIGA DO BRASIL,Paraná,Brazil
LIGA DO BRASIL,Santos,Brazil
PRO LEAGUE,Antwerp,Belgium
PRO LEAGUE,Cercle Brugge,Belgium
PRO LEAGUE,Charleroi,Belgium
PRO LEAGUE,Club Brugge,Belgium
PRO LEAGUE,Eupen,Belgium
PRO LEAGUE,Excel Mouscron,Belgium
PRO LEAGUE,Genk,Belgium
PRO LEAGUE,Gent,Belgium
PRO LEAGUE,Kortrijk,Belgium
PRO LEAGUE,Mechelen,Belgium
PRO LEAGUE,Oostende,Belgium
PRO LEAGUE,R.S.C Anderlecht,Belgium
PRO LEAGUE,Sint-Truiden,Belgium
PRO LEAGUE,Standard Liège,Belgium
PRO LEAGUE,Waasland-Beveren,Belgium
PRO LEAGUE,Zulte Waregem,Belgium
CAMPEONATO NACIONAL SCOTIABANK,Audax Italiano,Chile
CAMPEONATO NACIONAL SCOTIABANK,Cobresal,Chile
CAMPEONATO NACIONAL SCOTIABANK,Colo Colo,Chile
CAMPEONATO NACIONAL SCOTIABANK,Coquimbo Unido,Chile
CAMPEONATO NACIONAL SCOTIABANK,Curicó Unido,Chile
CAMPEONATO NACIONAL SCOTIABANK,Deportes Antofagasta,Chile
CAMPEONATO NACIONAL SCOTIABANK,Deportes Iquique,Chile
CAMPEONATO NACIONAL SCOTIABANK,Deportes Nuñoa,Chile
CAMPEONATO NACIONAL SCOTIABANK,Everton,Chile
CAMPEONATO NACIONAL SCOTIABANK,Huachipato,Chile
CAMPEONATO NACIONAL SCOTIABANK,O’Higgins,Chile
CAMPEONATO NACIONAL SCOTIABANK,Palestino,Chile
CAMPEONATO NACIONAL SCOTIABANK,Unión Española,Chile
CAMPEONATO NACIONAL SCOTIABANK,Unión La Calera,Chile
CAMPEONATO NACIONAL SCOTIABANK,Universidad Católica,Chile
CAMPEONATO NACIONAL SCOTIABANK,Universidad de Concepción,Chile
  CHINESE SUPER LEAGUE,Beijing Renhe,China
  CHINESE SUPER LEAGUE,Beijing Sinobo Guoan,China
  CHINESE SUPER LEAGUE,Chongqing Dangdai Lifan,China
  CHINESE SUPER LEAGUE,Dalian Yifang,China
  CHINESE SUPER LEAGUE,Guangzhou Evergrande Taobao,China
  CHINESE SUPER LEAGUE,Guangzhou R&F,China
  CHINESE SUPER LEAGUE,Hebei China Fortune,China
  CHINESE SUPER LEAGUE,Henan Jianye,China
  CHINESE SUPER LEAGUE,Jiangsu Suning,China
  CHINESE SUPER LEAGUE,Shandong Luneng Taishan,China
  CHINESE SUPER LEAGUE,Shanghai Greenland Shenhua,China
  CHINESE SUPER LEAGUE,Shanghai SIPG,China
  CHINESE SUPER LEAGUE,Shenzhen F.C.,China
  CHINESE SUPER LEAGUE,Tianjin TEDA,China
  CHINESE SUPER LEAGUE,Tianjin Tianhai,China
  CHINESE SUPER LEAGUE,Wuhan Zall,China
 LIGA DIMAYOR,Alianza Petrolera,Colombia
 LIGA DIMAYOR,América de Cali,Colombia
 LIGA DIMAYOR,Atlético Bucaramanga,Colombia
 LIGA DIMAYOR,Atlético Huila,Colombia
 LIGA DIMAYOR,Atlético Nacional,Colombia
 LIGA DIMAYOR,Cúcuta Deportivo,Colombia
 LIGA DIMAYOR,Deportes Tolima,Colombia
 LIGA DIMAYOR,Deportivo Cali,Colombia
 LIGA DIMAYOR,Deportivo Pasto,Colombia
 LIGA DIMAYOR,Envigado,Colombia
 LIGA DIMAYOR,Independiente Medellín,Colombia
 LIGA DIMAYOR,Jaguares,Colombia
 LIGA DIMAYOR,Junior,Colombia
 LIGA DIMAYOR,La Equidad,Colombia
 LIGA DIMAYOR,Millonarios,Colombia
 LIGA DIMAYOR,Once Caldas,Colombia
 LIGA DIMAYOR,Patriotas,Colombia
 LIGA DIMAYOR,Rionegro Águilas,Colombia
 LIGA DIMAYOR,Santa Fe,Colombia
 LIGA DIMAYOR,Unión Magdalena,Colombia
SUPERLIGA,Aalborg BK,Argentina
SUPERLIGA,Aarhus GF,Argentina
SUPERLIGA,AC Horsens,Argentina
SUPERLIGA,Brøndby IF,Argentina
SUPERLIGA,Esbjerg fB,Argentina
SUPERLIGA,FC København,Argentina
SUPERLIGA,FC Midtjylland,Argentina
SUPERLIGA,FC Nordsjælland,Argentina
SUPERLIGA,Hobro IK,Argentina
SUPERLIGA,Lyngby,Argentina
SUPERLIGA,Odense BK,Argentina
SUPERLIGA,Randers FC,Argentina
SUPERLIGA,Silkeborg IF,Argentina
SUPERLIGA,SønderjyskE,Argentina
Premier League,Arsenal,United Kingdom
Premier League,Aston Villa,United Kingdom
Premier League,Bournemouth,United Kingdom
Premier League,Brighton & Hove Albion,United Kingdom
Premier League,Burnley,United Kingdom
Premier League,Chelsea,United Kingdom
Premier League,Crystal Palace,United Kingdom
Premier League,Everton,United Kingdom
Premier League,Leicester City,United Kingdom
Premier League,Liverpool,United Kingdom
Premier League,Manchester City,United Kingdom
Premier League,Manchester United,United Kingdom
Premier League,Newcastle United,United Kingdom
Premier League,Norwich City,United Kingdom
Premier League,Sheffield United,United Kingdom
Premier League,Southampton,United Kingdom
Premier League,Tottenham,United Kingdom
Premier League,Watford,United Kingdom
Premier League,West Ham,United Kingdom
Premier League,Wolverhampton,United Kingdom
 EFL CHAMPIONSHIP,Barnsley,United Kingdom
 EFL CHAMPIONSHIP,Birmingham City,United Kingdom
 EFL CHAMPIONSHIP,Blackburn Rovers,United Kingdom
 EFL CHAMPIONSHIP,Brentford,United Kingdom
 EFL CHAMPIONSHIP,Bristol City,United Kingdom
 EFL CHAMPIONSHIP,Cardiff City,United Kingdom
 EFL CHAMPIONSHIP,Charlton Athletic,United Kingdom
 EFL CHAMPIONSHIP,Derby County,United Kingdom
 EFL CHAMPIONSHIP,Fulham,United Kingdom
 EFL CHAMPIONSHIP,Huddersfield Town,United Kingdom
 EFL CHAMPIONSHIP,Hull City,United Kingdom
 EFL CHAMPIONSHIP,Leeds United,United Kingdom
 EFL CHAMPIONSHIP,Luton Town,United Kingdom
 EFL CHAMPIONSHIP,Middlesbrough,United Kingdom
 EFL CHAMPIONSHIP,Millwall,United Kingdom
 EFL CHAMPIONSHIP,Nottingham Forest,United Kingdom
 EFL CHAMPIONSHIP,Preston North End,United Kingdom
 EFL CHAMPIONSHIP,Queens Park Rangers,United Kingdom
 EFL CHAMPIONSHIP,Reading,United Kingdom
 EFL CHAMPIONSHIP,Sheffield Wednesday,United Kingdom
 EFL CHAMPIONSHIP,Stoke City,United Kingdom
 EFL CHAMPIONSHIP,Swansea City,United Kingdom
 EFL CHAMPIONSHIP,West Bromwich Albion,United Kingdom
 EFL CHAMPIONSHIP,Wigan Athletic,United Kingdom
LEAGUE ONE,Accrington Stanley,United Kingdom
LEAGUE ONE,AFC Wimbledon,United Kingdom
LEAGUE ONE,Blackpool,United Kingdom
LEAGUE ONE,Bolton Wanderers,United Kingdom
LEAGUE ONE,Bristol Rovers,United Kingdom
LEAGUE ONE,Burton Albion,United Kingdom
LEAGUE ONE,Bury,United Kingdom
LEAGUE ONE,Coventry City,United Kingdom
LEAGUE ONE,Doncaster Rovers,United Kingdom
LEAGUE ONE,Fleetwood Town,United Kingdom
LEAGUE ONE,Gillingham,United Kingdom
LEAGUE ONE,Ipswich Town,United Kingdom
LEAGUE ONE,Lincoln City,United Kingdom
LEAGUE ONE,Milton Keynes Dons,United Kingdom
LEAGUE ONE,Oxford United,United Kingdom
LEAGUE ONE,Peterborough United,United Kingdom
LEAGUE ONE,Portsmouth,United Kingdom
LEAGUE ONE,Rochdale,United Kingdom
LEAGUE ONE,Rotherham United,United Kingdom
LEAGUE ONE,Shrewsbury Town,United Kingdom
LEAGUE ONE,Southend United,United Kingdom
LEAGUE ONE,Sunderland,United Kingdom
LEAGUE ONE,Tranmere Rovers,United Kingdom
LEAGUE ONE,Wycombe Wanderers,United Kingdom
LEAGUE TWO,Bradford City,United Kingdom
LEAGUE TWO,Cambridge United,United Kingdom
LEAGUE TWO,Carlisle United,United Kingdom
LEAGUE TWO,Cheltenham Town,United Kingdom
LEAGUE TWO,Colchester United,United Kingdom
LEAGUE TWO,Crawley Town,United Kingdom
LEAGUE TWO,Crewe Alexandra,United Kingdom
LEAGUE TWO,Exeter City,United Kingdom
LEAGUE TWO,Forest Green Rovers,United Kingdom
LEAGUE TWO,Grimsby Town,United Kingdom
LEAGUE TWO,Leyton Orient,United Kingdom
LEAGUE TWO,Macclesfield Town,United Kingdom
LEAGUE TWO,Mansfield Town,United Kingdom
LEAGUE TWO,Morecambe,United Kingdom
LEAGUE TWO,Newport County,United Kingdom
LEAGUE TWO,Northampton Town,United Kingdom
LEAGUE TWO,Oldham Athletic,United Kingdom
LEAGUE TWO,Plymouth Argyle,United Kingdom
LEAGUE TWO,Port Vale,United Kingdom
LEAGUE TWO,Salford City,United Kingdom
LEAGUE TWO,Scunthorpe United,United Kingdom
LEAGUE TWO,Stevenage,United Kingdom
LEAGUE TWO,Swindon Town,United Kingdom
LEAGUE TWO,Walsall,United Kingdom
LIGUE 1 CONFORAMA,Amiens SC,France
LIGUE 1 CONFORAMA,Angers SCO,France
LIGUE 1 CONFORAMA,AS Monaco,France
LIGUE 1 CONFORAMA,AS Saint-Étienne,France
LIGUE 1 CONFORAMA,Dijon FCO,France
LIGUE 1 CONFORAMA,FC Metz,France
LIGUE 1 CONFORAMA,FC Nantes,France
LIGUE 1 CONFORAMA,Girondins de Bordeaux,France
LIGUE 1 CONFORAMA,LOSC Lille,France
LIGUE 1 CONFORAMA,Montpellier HSC,France
LIGUE 1 CONFORAMA,Nîmes Olympique,France
LIGUE 1 CONFORAMA,OGC Nice,France
LIGUE 1 CONFORAMA,Olympique de Marseille,France
LIGUE 1 CONFORAMA,Olympique lyonnais,France
LIGUE 1 CONFORAMA,Paris Saint-Germain,France
LIGUE 1 CONFORAMA,RC Strasbourg Alsace,France
LIGUE 1 CONFORAMA,Stade brestois 29,France
LIGUE 1 CONFORAMA,Stade de Reims,France
LIGUE 1 CONFORAMA,Stade rennais FC,France
LIGUE 1 CONFORAMA,Toulouse FC,France
DOMINO'S LIGUE 2,AC Ajaccio,France
DOMINO'S LIGUE 3,Auxerre,France
DOMINO'S LIGUE 4,Caen,France
DOMINO'S LIGUE 5,Chambly,France
DOMINO'S LIGUE 6,Châteauroux,France
DOMINO'S LIGUE 7,Clermont Foot,France
DOMINO'S LIGUE 8,Grenoble,France
DOMINO'S LIGUE 9,Guingamp,France
DOMINO'S LIGUE 10,Le Havre,France
DOMINO'S LIGUE 11,Le Mans,France
DOMINO'S LIGUE 12,Lens,France
DOMINO'S LIGUE 13,Lorient,France
DOMINO'S LIGUE 14,Nancy,France
DOMINO'S LIGUE 15,Niort,France
DOMINO'S LIGUE 16,Orléans,France
DOMINO'S LIGUE 17,Paris FC,France
DOMINO'S LIGUE 18,Rodez,France
DOMINO'S LIGUE 19,Sochaux,France
DOMINO'S LIGUE 20,Troyes,France
DOMINO'S LIGUE 21,Valenciennes,France
BUNDESLIGA,1. FC Köln,Germany
BUNDESLIGA,1899 Hoffenheim,Germany
BUNDESLIGA,Bayer Leverkusen,Germany
BUNDESLIGA,Bayern Munich,Germany
BUNDESLIGA,Borussia Dortmund,Germany
BUNDESLIGA,Borussia Mönchengladbach,Germany
BUNDESLIGA,Eintracht Frankfurt,Germany
BUNDESLIGA,FC Augsburg,Germany
BUNDESLIGA,Fortuna Düsseldorf,Germany
BUNDESLIGA,Hertha BSC,Germany
BUNDESLIGA,Mainz 05,Germany
BUNDESLIGA,RB Leipzig,Germany
BUNDESLIGA,SC Freiburg,Germany
BUNDESLIGA,SC Paderborn,Germany
BUNDESLIGA,Schalke 04,Germany
BUNDESLIGA,Union Berlin,Germany
BUNDESLIGA,VfL Wolfsburg,Germany
BUNDESLIGA,Werder Bremen,Germany
 2. BUNDESLIGA,1. FC Heidenheim,Germany
 2. BUNDESLIGA,1. FC Nürnberg,Germany
 2. BUNDESLIGA,Arminia Bielefeld,Germany
 2. BUNDESLIGA,Darmstadt 98,Germany
 2. BUNDESLIGA,Dynamo Dresden,Germany
 2. BUNDESLIGA,Erzgebirge Aue,Germany
 2. BUNDESLIGA,FC St. Pauli,Germany
 2. BUNDESLIGA,Greuther Fürth,Germany
 2. BUNDESLIGA,Hamburger SV,Germany
 2. BUNDESLIGA,Hannover 96,Germany
 2. BUNDESLIGA,Holstein Kiel,Germany
 2. BUNDESLIGA,Jahn Regensburg,Germany
 2. BUNDESLIGA,Karlsruher SC,Germany
 2. BUNDESLIGA,SV Sandhausen,Germany
 2. BUNDESLIGA,VfB Stuttgart,Germany
 2. BUNDESLIGA,VfL Bochum,Germany
 2. BUNDESLIGA,VfL Osnabrück,Germany
 2. BUNDESLIGA,Wehen Wiesbaden,Germany
3. BUNDESLIGA,1. FC Kaiserslautern,Germany
3. BUNDESLIGA,1. FC Magdeburg,Germany
3. BUNDESLIGA,Chemnitzer FC,Germany
3. BUNDESLIGA,Eintracht Braunschweig,Germany
3. BUNDESLIGA,FC Bayern München IIB,Germany
3. BUNDESLIGA,FC Carl Zeiss Jena,Germany
3. BUNDESLIGA,FC Ingolstadt 04,Germany
3. BUNDESLIGA,FC Viktoria Köln,Germany
3. BUNDESLIGA,FSV Zwickau,Germany
3. BUNDESLIGA,Hallescher FC,Germany
3. BUNDESLIGA,Hansa Rostock,Germany
3. BUNDESLIGA,KFC Uerdingen 05,Germany
3. BUNDESLIGA,MSV Duisburg,Germany
3. BUNDESLIGA,Preußen Münster,Germany
3. BUNDESLIGA,SG Sonnenhof Großaspach,Germany
3. BUNDESLIGA,SpVgg Unterhaching,Germany
3. BUNDESLIGA,SV Meppen,Germany
3. BUNDESLIGA,SV Waldhof Mannheim,Germany
3. BUNDESLIGA,TSV 1860 München,Germany
3. BUNDESLIGA,Würzburger Kickers,Germany
EREDIVISIE,ADO Den Haag,Netherlands
EREDIVISIE,Ajax,Netherlands
EREDIVISIE,AZ,Netherlands
EREDIVISIE,FC Emmen,Netherlands
EREDIVISIE,FC Groningen,Netherlands
EREDIVISIE,FC Utrecht,Netherlands
EREDIVISIE,Feyenoord,Netherlands
EREDIVISIE,Fortuna Sittard,Netherlands
EREDIVISIE,Heracles Almelo,Netherlands
EREDIVISIE,PEC Zwolle,Netherlands
EREDIVISIE,PSV,Netherlands
EREDIVISIE,RKC Waalwijk,Netherlands
EREDIVISIE,SC Heerenveen,Netherlands
EREDIVISIE,Sparta Roterdam,Netherlands
EREDIVISIE,Twente,Netherlands
EREDIVISIE,Vitesse,Netherlands
EREDIVISIE,VVV-Venlo,Netherlands
EREDIVISIE,Willem II,Netherlands
SERIE A TIM,Atalanta,Italy
SERIE A TIM,Bologna,Italy
SERIE A TIM,Brescia,Italy
SERIE A TIM,Cagliari,Italy
SERIE A TIM,Fiorentina,Italy
SERIE A TIM,Genoa,Italy
SERIE A TIM,Hellas Verona,Italy
SERIE A TIM,Internazionale,Italy
SERIE A TIM,Lazio,Italy
SERIE A TIM,Lecce,Italy
SERIE A TIM,Milan,Italy
SERIE A TIM,Napoli,Italy
SERIE A TIM,Parma,Italy
SERIE A TIM,Piemonte Calcio,Italy
SERIE A TIM,Roma,Italy
SERIE A TIM,Sampdoria,Italy
SERIE A TIM,Sassuolo,Italy
SERIE A TIM,SPAL,Italy
SERIE A TIM,Torino,Italy
SERIE A TIM,Udinese,Italy
SERIE B,Ascoli,Italy
SERIE B,Benevento,Italy
SERIE B,Chievo,Italy
SERIE B,Cittadella,Italy
SERIE B,Cosenza,Italy
SERIE B,Cremonese,Italy
SERIE B,Crotone,Italy
SERIE B,Empoli,Italy
SERIE B,Frosinone,Italy
SERIE B,Juve Stabia,Italy
SERIE B,Livorno,Italy
SERIE B,Perugia,Italy
SERIE B,Pescara,Italy
SERIE B,Pisa,Italy
SERIE B,Pordenone,Italy
SERIE B,Salernitana,Italy
SERIE B,Spezia,Italy
SERIE B,Trapani,Italy
SERIE B,Venezia,Italy
SERIE B,Virtus Entella,Italy
SERIE B,Cerezo Osaka,Italy
MEIJI YASUDA J1,Consadole Sapporo,Japan
MEIJI YASUDA J1,FC Tokyo,Japan
MEIJI YASUDA J1,Gamba Osaka,Japan
MEIJI YASUDA J1,Júbilo Iwata,Japan
MEIJI YASUDA J1,Kashima Antlers,Japan
MEIJI YASUDA J1,Kawasaki Frontale,Japan
MEIJI YASUDA J1,Matsumoto Yamaga,Japan
MEIJI YASUDA J1,Nagoya Grampus,Japan
MEIJI YASUDA J1,Oita Trinita,Japan
MEIJI YASUDA J1,Sagan Tosu,Japan
MEIJI YASUDA J1,Sanfrecce Hiroshima,Japan
MEIJI YASUDA J1,Shimizu S-Pulse,Japan
MEIJI YASUDA J1,Shonan Bellmare,Japan
MEIJI YASUDA J1,Urawa Red Diamonds,Japan
MEIJI YASUDA J1,Vegalta Sendai,Japan
MEIJI YASUDA J1,Vissel Kobe,Japan
MEIJI YASUDA J1,Yokohama F. Marinos,Japan
K LEAGUE 1,Daegu FC,Korea
K LEAGUE 1,FC Seoul,Korea
K LEAGUE 1,Gangwon FC,Korea
K LEAGUE 1,Gyeongnam FC,Korea
K LEAGUE 1,Incheon United,Korea
K LEAGUE 1,Jeju United,Korea
K LEAGUE 1,Jeonbuk Hyundai Motors,Korea
K LEAGUE 1,Pohang Steelers,Korea
K LEAGUE 1,Sangju Sangmu[a],Korea
K LEAGUE 1,Seongnam FC,Korea
K LEAGUE 1,Suwon Samsung Bluewings,Korea
K LEAGUE 1,Ulsan Hyundai,Korea
LIGA BANCOMER MX,América,Mexico
LIGA BANCOMER MX,Atlas,Mexico
LIGA BANCOMER MX,Atlético de San Luis,Mexico
LIGA BANCOMER MX,Cruz Azul,Mexico
LIGA BANCOMER MX,FC Juárez,Mexico
LIGA BANCOMER MX,Guadalajara,Mexico
LIGA BANCOMER MX,León,Mexico
LIGA BANCOMER MX,Monterrey,Mexico
LIGA BANCOMER MX,Morelia,Mexico
LIGA BANCOMER MX,Necaxa,Mexico
LIGA BANCOMER MX,Pachuca,Mexico
LIGA BANCOMER MX,Puebla,Mexico
LIGA BANCOMER MX,Querétaro,Mexico
LIGA BANCOMER MX,Santos,Mexico
LIGA BANCOMER MX,Tigres,Mexico
LIGA BANCOMER MX,Tijuana,Mexico
LIGA BANCOMER MX,Toluca,Mexico
LIGA BANCOMER MX,UNAM,Mexico
LIGA BANCOMER MX,Veracruz,Mexico
ELITESERIEN,Bodø/Glimt,Norway
ELITESERIEN,Brann,Norway
ELITESERIEN,Haugesund,Norway
ELITESERIEN,Kristiansund,Norway
ELITESERIEN,Lillestrøm,Norway
ELITESERIEN,Mjøndalen,Norway
ELITESERIEN,Molde,Norway
ELITESERIEN,Odds BK,Norway
ELITESERIEN,Ranheim,Norway
ELITESERIEN,Rosenborg,Norway
ELITESERIEN,Sarpsborg 08,Norway
ELITESERIEN,Stabæk,Norway
ELITESERIEN,Strømsgodset,Norway
ELITESERIEN,Tromsø,Norway
ELITESERIEN,Vålerenga,Norway
ELITESERIEN,Viking,Norway
EKSTRAKLASA,Arka Gdynia,Poland
EKSTRAKLASA,Cracovia,Poland
EKSTRAKLASA,Górnik Zabrze,Poland
EKSTRAKLASA,Jagiellonia Białystok,Poland
EKSTRAKLASA,Korona Kielce,Poland
EKSTRAKLASA,Lech Poznań,Poland
EKSTRAKLASA,Lechia Gdańsk,Poland
EKSTRAKLASA,Legia Warszawa,Poland
EKSTRAKLASA,ŁKS Łódź,Poland
EKSTRAKLASA,Piast Gliwice,Poland
EKSTRAKLASA,Pogoń Szczecin,Poland
EKSTRAKLASA,Raków Częstochowa,Poland
EKSTRAKLASA,Śląsk Wrocław,Poland
EKSTRAKLASA,Wisła Kraków,Poland
EKSTRAKLASA,Wisła Płock,Poland
EKSTRAKLASA,Zagłębie Lubin,Poland
 LIGA NOS,Belenenses SAD,Portugal
 LIGA NOS,Boavista,Portugal
 LIGA NOS,Desportivo das Aves,Portugal
 LIGA NOS,Famalicão,Portugal
 LIGA NOS,FC Porto,Portugal
 LIGA NOS,Gil Vicente,Portugal
 LIGA NOS,Marítimo,Portugal
 LIGA NOS,Moreirense,Portugal
 LIGA NOS,Paços de Ferreira,Portugal
 LIGA NOS,Portimonense,Portugal
 LIGA NOS,Rio Ave,Portugal
 LIGA NOS,Santa Clara,Portugal
 LIGA NOS,SL Benfica,Portugal
 LIGA NOS,Sporting,Portugal
 LIGA NOS,Sporting de Braga,Portugal
 LIGA NOS,Tondela,Portugal
 LIGA NOS,Vitória de Guimarães,Portugal
 LIGA NOS,Vitória de Setúbal,Portugal
SSE AIRTRICITY LEAGUE,Bohemians,Ireland
SSE AIRTRICITY LEAGUE,Cork City,Ireland
SSE AIRTRICITY LEAGUE,Derry City,Ireland
SSE AIRTRICITY LEAGUE,Dundalk,Ireland
SSE AIRTRICITY LEAGUE,Finn Harps,Ireland
SSE AIRTRICITY LEAGUE,Shamrock Rovers,Ireland
SSE AIRTRICITY LEAGUE,Sligo Rovers,Ireland
SSE AIRTRICITY LEAGUE,St Patrick’s Athletic,Ireland
SSE AIRTRICITY LEAGUE,UCD,Ireland
SSE AIRTRICITY LEAGUE,Waterford,Ireland
LIGA I,Academica Clinceni,Romania
LIGA I,Astra Giurgiu,Romania
LIGA I,Botoșani,Romania
LIGA I,CFR Cluj,Romania
LIGA I,Chindia Târgoviște,Romania
LIGA I,Dinamo București,Romania
LIGA I,FCSB,Romania
LIGA I,Gaz Metan Mediaș,Romania
LIGA I,Hermannstadt,Romania
LIGA I,Politehnica Iași,Romania
LIGA I,Sepsi Sfântu Gheorghe,Romania
LIGA I,Universitatea Craiova,Romania
LIGA I,Viitorul Constanța,Romania
LIGA I,Voluntari,Romania
ABDUL LATIF JAMEEL LEAGUE,Abha,Saudi Arabia
ABDUL LATIF JAMEEL LEAGUE,Al Adalh,Saudi Arabia
ABDUL LATIF JAMEEL LEAGUE,Al Ahli,Saudi Arabia
ABDUL LATIF JAMEEL LEAGUE,Al Faisaly,Saudi Arabia
ABDUL LATIF JAMEEL LEAGUE,Al Fateh,Saudi Arabia
ABDUL LATIF JAMEEL LEAGUE,Al Feiha,Saudi Arabia
ABDUL LATIF JAMEEL LEAGUE,Al Hazm,Saudi Arabia
ABDUL LATIF JAMEEL LEAGUE,Al Hilal,Saudi Arabia
ABDUL LATIF JAMEEL LEAGUE,Al Ittifaq,Saudi Arabia
ABDUL LATIF JAMEEL LEAGUE,Al Ittihad,Saudi Arabia
ABDUL LATIF JAMEEL LEAGUE,Al Nassr,Saudi Arabia
ABDUL LATIF JAMEEL LEAGUE,Al Raed,Saudi Arabia
ABDUL LATIF JAMEEL LEAGUE,Al Shabab,Saudi Arabia
ABDUL LATIF JAMEEL LEAGUE,Al Taawon,Saudi Arabia
ABDUL LATIF JAMEEL LEAGUE,Al Wahda,Saudi Arabia
ABDUL LATIF JAMEEL LEAGUE,Dhamk,Saudi Arabia
SCOTTISH PREMIERSHIP,Aberdeen,Scotland
SCOTTISH PREMIERSHIP,Celtic,Scotland
SCOTTISH PREMIERSHIP,Hamilton Academical,Scotland
SCOTTISH PREMIERSHIP,Heart of Midlothian,Scotland
SCOTTISH PREMIERSHIP,Hibernian,Scotland
SCOTTISH PREMIERSHIP,Kilmarnock,Scotland
SCOTTISH PREMIERSHIP,Livingston,Scotland
SCOTTISH PREMIERSHIP,Motherwell,Scotland
SCOTTISH PREMIERSHIP,Rangers,Scotland
SCOTTISH PREMIERSHIP,Ross County,Scotland
SCOTTISH PREMIERSHIP,St Johnstone,Scotland
SCOTTISH PREMIERSHIP,St Mirren,Scotland
LALIGA SANTANDER,Alavés,Spain
LALIGA SANTANDER,Athletic Bilbao,Spain
LALIGA SANTANDER,Atlético Madrid,Spain
LALIGA SANTANDER,Barcelona,Spain
LALIGA SANTANDER,Celta Vigo,Spain
LALIGA SANTANDER,Eibar,Spain
LALIGA SANTANDER,Espanyol,Spain
LALIGA SANTANDER,Getafe,Spain
LALIGA SANTANDER,Granada,Spain
LALIGA SANTANDER,Leganés,Spain
LALIGA SANTANDER,Levante,Spain
LALIGA SANTANDER,Mallorca,Spain
LALIGA SANTANDER,Osasuna,Spain
LALIGA SANTANDER,Real Betis,Spain
LALIGA SANTANDER,Real Madrid,Spain
LALIGA SANTANDER,Real Sociedad,Spain
LALIGA SANTANDER,Sevilla,Spain
LALIGA SANTANDER,Valencia,Spain
LALIGA SANTANDER,Valladolid,Spain
LALIGA SANTANDER,Villarreal,Spain
LALIGA 1 | 2 | 3,Albacete,Spain
LALIGA 1 | 2 | 3,Alcorcón,Spain
LALIGA 1 | 2 | 3,Almería,Spain
LALIGA 1 | 2 | 3,Cádiz,Spain
LALIGA 1 | 2 | 3,Elche,Spain
LALIGA 1 | 2 | 3,Extremadura,Spain
LALIGA 1 | 2 | 3,Fuenlabrada,Spain
LALIGA 1 | 2 | 3,Girona,Spain
LALIGA 1 | 2 | 3,Huesca,Spain
LALIGA 1 | 2 | 3,La Coruña,Spain
LALIGA 1 | 2 | 3,Las Palmas,Spain
LALIGA 1 | 2 | 3,Lugo,Spain
LALIGA 1 | 2 | 3,Málaga,Spain
LALIGA 1 | 2 | 3,Mirandés,Spain
LALIGA 1 | 2 | 3,Numancia,Spain
LALIGA 1 | 2 | 3,Ponferradina,Spain
LALIGA 1 | 2 | 3,Real Oviedo,Spain
LALIGA 1 | 2 | 3,Racing Santander,Spain
LALIGA 1 | 2 | 3,Rayo Vallecano,Spain
LALIGA 1 | 2 | 3,Sporting de Gijón,Spain
LALIGA 1 | 2 | 3,Tenerife,Spain
LALIGA 1 | 2 | 3,Zaragoza,Spain
ALLSVENSKAN,AFC Eskilstuna,Sweden
ALLSVENSKAN,AIK,Sweden
ALLSVENSKAN,BK Häcken,Sweden
ALLSVENSKAN,Djurgårdens IF,Sweden
ALLSVENSKAN,Falkenbergs FF,Sweden
ALLSVENSKAN,GIF Sundsvall,Sweden
ALLSVENSKAN,Hammarby IF,Sweden
ALLSVENSKAN,Helsingborgs IF,Sweden
ALLSVENSKAN,IF Elfsborg,Sweden
ALLSVENSKAN,IFK Göteborg,Sweden
ALLSVENSKAN,IFK Norrköping,Sweden
ALLSVENSKAN,IK Sirius,Sweden
ALLSVENSKAN,Kalmar FF,Sweden
ALLSVENSKAN,Malmö FF,Sweden
ALLSVENSKAN,Örebro SK,Sweden
ALLSVENSKAN,Östersunds FK,Sweden
RAIFFEISEN SUPER LEAGUE,BSC Young Boys,Switzerland
RAIFFEISEN SUPER LEAGUE,FC Basel,Switzerland
RAIFFEISEN SUPER LEAGUE,FC Lugano,Switzerland
RAIFFEISEN SUPER LEAGUE,FC Luzern,Switzerland
RAIFFEISEN SUPER LEAGUE,FC Sion,Switzerland
RAIFFEISEN SUPER LEAGUE,FC St. Gallen,Switzerland
RAIFFEISEN SUPER LEAGUE,FC Thun,Switzerland
RAIFFEISEN SUPER LEAGUE,FC Zürich,Switzerland
RAIFFEISEN SUPER LEAGUE,Neuchâtel Xamax,Switzerland
RAIFFEISEN SUPER LEAGUE,Servette FC,Switzerland
SUPER LIG,Alanyaspor,Turkey
SUPER LIG,Antalyaspor,Turkey
SUPER LIG,Beşiktaş Istanbul,Turkey
SUPER LIG,Çaykur Rizespor,Turkey
SUPER LIG,Denizlispor,Turkey
SUPER LIG,Fenerbahçe Istanbul,Turkey
SUPER LIG,Galatasaray Istanbul,Turkey
SUPER LIG,Gazişehir Gaziantep FK,Turkey
SUPER LIG,Gençlerbirliği Ankara,Turkey
SUPER LIG,Göztepe Izmir,Turkey
SUPER LIG,Istanbul Başakşehir FK,Turkey
SUPER LIG,Kasımpaşa Istanbul,Turkey
SUPER LIG,Kayserispor,Turkey
SUPER LIG,Konyaspor,Turkey
SUPER LIG,MKE Ankaragücü,Turkey
SUPER LIG,Sivasspor,Turkey
SUPER LIG,Trabzonspor,Turkey
SUPER LIG,Yeni Malatyaspor,Turkey
MAJOR LEAGUE SOCCER,Atlanta United FC,USA
MAJOR LEAGUE SOCCER,Chicago Fire,USA
MAJOR LEAGUE SOCCER,Colorado Rapids,USA
MAJOR LEAGUE SOCCER,Columbus Crew SC,USA
MAJOR LEAGUE SOCCER,D.C. United,USA
MAJOR LEAGUE SOCCER,FC Cincinnati,USA
MAJOR LEAGUE SOCCER,FC Dallas,USA
MAJOR LEAGUE SOCCER,Houston Dynamo,USA
MAJOR LEAGUE SOCCER,LA Galaxy,USA
MAJOR LEAGUE SOCCER,Los Angeles FC,USA
MAJOR LEAGUE SOCCER,Minnesota United FC,USA
MAJOR LEAGUE SOCCER,Montreal Impact,USA
MAJOR LEAGUE SOCCER,New England Revolution,USA
MAJOR LEAGUE SOCCER,New York City FC,USA
MAJOR LEAGUE SOCCER,New York Red Bulls,USA
MAJOR LEAGUE SOCCER,Orlando City,USA
MAJOR LEAGUE SOCCER,Philadelphia Union,USA
MAJOR LEAGUE SOCCER,Portland Timbers,USA
MAJOR LEAGUE SOCCER,Real Salt Lake,USA
MAJOR LEAGUE SOCCER,San Jose Earthquakes,USA
MAJOR LEAGUE SOCCER,Seattle Sounders FC,USA
MAJOR LEAGUE SOCCER,Sporting Kansas City,USA
MAJOR LEAGUE SOCCER,Toronto FC,USA
MAJOR LEAGUE SOCCER,Vancouver Whitecaps FC,USA
REST OF THE WORLD,AEK Athens,
REST OF THE WORLD,Al Ain FC,
REST OF THE WORLD,CSKA Moscow,
REST OF THE WORLD,Dinamo Kiev,
REST OF THE WORLD,Dinamo Zagreb,
REST OF THE WORLD,HJK Helsinki,
REST OF THE WORLD,Kaizer Chiefs,
REST OF THE WORLD,Viktoria Plzeň,
REST OF THE WORLD,Lokomotiv Moscow,
REST OF THE WORLD,Olympiacos CFP,
REST OF THE WORLD,Orlando Pirates,
REST OF THE WORLD,Panathinaikos,
REST OF THE WORLD,PAOK,
REST OF THE WORLD,Shakhtar Donetsk,
REST OF THE WORLD,Slavia Praha,
REST OF THE WORLD,Spartak Moscow,
REST OF THE WORLD,Sparta Praha,
NATIONAL TEAMS (MEN),Argentina,
NATIONAL TEAMS (MEN),Australia,
NATIONAL TEAMS (MEN),Austria,
NATIONAL TEAMS (MEN),Belgium,
NATIONAL TEAMS (MEN),Bolivia,
NATIONAL TEAMS (MEN),Brazil,
NATIONAL TEAMS (MEN),Bulgaria,
NATIONAL TEAMS (MEN),Cameroon,
NATIONAL TEAMS (MEN),Canada,
NATIONAL TEAMS (MEN),Chile,
NATIONAL TEAMS (MEN),China,
NATIONAL TEAMS (MEN),Colombia,
NATIONAL TEAMS (MEN),Côte d’Ivoire,
NATIONAL TEAMS (MEN),Czech Republic,
NATIONAL TEAMS (MEN),Denmark,
NATIONAL TEAMS (MEN),Ecuador,
NATIONAL TEAMS (MEN),Egypt,
NATIONAL TEAMS (MEN),England,
NATIONAL TEAMS (MEN),Finland,
NATIONAL TEAMS (MEN),France,
NATIONAL TEAMS (MEN),Germany,
NATIONAL TEAMS (MEN),Greece,
NATIONAL TEAMS (MEN),Hungary,
NATIONAL TEAMS (MEN),Iceland,
NATIONAL TEAMS (MEN),India,
NATIONAL TEAMS (MEN),Ireland,
NATIONAL TEAMS (MEN),Italy,
NATIONAL TEAMS (MEN),Mexico,
NATIONAL TEAMS (MEN),Netherlands,
NATIONAL TEAMS (MEN),New Zealand,
NATIONAL TEAMS (MEN),Northern Ireland,
NATIONAL TEAMS (MEN),Norway,
NATIONAL TEAMS (MEN),Paraguay,
NATIONAL TEAMS (MEN),Peru,
NATIONAL TEAMS (MEN),Poland,
NATIONAL TEAMS (MEN),Portugal,
NATIONAL TEAMS (MEN),Romania,
NATIONAL TEAMS (MEN),Russia,
NATIONAL TEAMS (MEN),Scotland,
NATIONAL TEAMS (MEN),Slovenia,
NATIONAL TEAMS (MEN),South Africa,
NATIONAL TEAMS (MEN),Spain,
NATIONAL TEAMS (MEN),Sweden,
NATIONAL TEAMS (MEN),Switzerland,
NATIONAL TEAMS (MEN),Turkey,
NATIONAL TEAMS (MEN),United States,
NATIONAL TEAMS (MEN),Uruguay,
NATIONAL TEAMS (MEN),Venezuela,
NATIONAL TEAMS (MEN),Wales,
NATIONAL TEAMS (WOMEN),Australia,
NATIONAL TEAMS (WOMEN),Brazil,
NATIONAL TEAMS (WOMEN),Canada,
NATIONAL TEAMS (WOMEN),China PR,
NATIONAL TEAMS (WOMEN),England,
NATIONAL TEAMS (WOMEN),France,
NATIONAL TEAMS (WOMEN),Germany,
NATIONAL TEAMS (WOMEN),Mexico,
NATIONAL TEAMS (WOMEN),Netherlands,
NATIONAL TEAMS (WOMEN),New Zealand,
NATIONAL TEAMS (WOMEN),Norway,
NATIONAL TEAMS (WOMEN),Scotland,
NATIONAL TEAMS (WOMEN),Spain,
NATIONAL TEAMS (WOMEN),Sweden,
NATIONAL TEAMS (WOMEN),United States,